time,cmd_dq,state_dq
0,0,0
0.01,0.0299995,-0
0.02,0.059996,-0
0.03,0.0899865,-0
0.04,0.119968,0.019934
0.05,0.149938,0.019934
0.06,0.179892,-0
0.07,0.209829,0.0332233
0.08,0.239744,0.0332233
0.09,0.269636,0.0332233
0.1,0.2995,0.0730912
0.11,0.329335,0.0996698
0.12,0.359137,0.0996698
0.13,0.388902,0.0996698
0.14,0.418629,0.0996698
0.15,0.448314,0.0996698
0.16,0.477955,0.0996698
0.17,0.507547,0.0996698
0.18,0.537089,0.0996698
0.19,0.566577,0.0996698
0.2,0.596008,0.0996698
0.21,0.62538,0.0996698
0.22,0.654689,0.0996698
0.23,0.683933,0.0996698
0.24,0.713108,0.0996698
0.25,0.742212,0.0996698
0.26,0.771242,0.77078
0.27,0.800194,0.57144
0.28,0.829067,0.890384
0.29,0.857857,0.465126
0.3,0.886561,0.491704
0.31,0.915176,0.558151
0.32,0.9437,0.431903
0.33,0.972129,0.850516
0.34,1.00046,0.57144
0.35,1.02869,0.890384
0.36,1.05682,0.67111
0.37,1.08485,1.04321
0.38,1.11276,0.684399
0.39,1.14057,0.697689
0.4,1.16826,0.823937
0.41,1.19583,0.737557
0.42,1.22328,0.990054
0.43,1.25061,1.24255
0.44,1.27782,0.737557
0.45,1.3049,0.963475
0.46,1.33184,1.32229
0.47,1.35866,0.797359
0.48,1.38534,1.08972
0.49,1.41188,1.33558
0.5,1.43828,1.21597
0.51,1.46453,1.02992
0.52,1.49064,0.950186
0.53,1.5166,1.07643
0.54,1.54241,1.21597
0.55,1.56806,1.28242
0.56,1.59356,1.5482
0.57,1.6189,1.42196
0.58,1.64407,1.68774
0.59,1.66908,1.44853
0.6,1.69393,1.40867
0.61,1.7186,1.66116
0.62,1.74311,1.28242
0.63,1.76743,1.57478
0.64,1.79159,1.32229
0.65,1.81556,1.82728
0.66,1.83935,1.79406
0.67,1.86296,1.50834
0.68,1.88638,1.46182
0.69,1.90961,1.44853
0.7,1.93265,1.38209
0.71,1.9555,1.78077
0.72,1.97815,1.7409
0.73,2.00061,2.14622
0.74,2.02286,1.62794
0.75,2.04492,1.40867
0.76,2.06676,2.01997
0.77,2.08841,1.86715
0.78,2.10984,1.76748
0.79,2.13106,1.66116
0.8,2.15207,1.78077
0.81,2.17286,2.03326
0.82,2.19344,1.60136
0.83,2.21379,2.08642
0.84,2.23393,2.01997
0.85,2.25384,1.70103
0.86,2.27353,2.01997
0.87,2.29299,1.7409
0.88,2.31222,2.01997
0.89,2.33122,1.89373
0.9,2.34998,2.1728
0.91,2.36851,2.19938
0.92,2.3868,2.04655
0.93,2.40486,1.9934
0.94,2.42267,1.94688
0.95,2.44025,2.4253
0.96,2.45757,2.03326
0.97,2.47466,2.05984
0.98,2.49149,1.89373
0.99,2.50808,2.45188
1,2.52441,2.23925
1.01,2.5405,1.94688
1.02,2.55632,2.31234
1.03,2.5719,2.09971
1.04,2.58721,2.37879
1.05,2.60227,1.9934
1.06,2.61707,2.41201
1.07,2.6316,2.6047
1.08,2.64587,2.39208
1.09,2.65988,2.53161
1.1,2.67362,2.56484
1.11,2.6871,2.46517
1.12,2.7003,2.23925
1.13,2.71324,2.4253
1.14,2.7259,2.31234
1.15,2.73829,2.18609
1.16,2.75041,2.46517
1.17,2.76225,2.49175
1.18,2.77382,2.27247
1.19,2.78511,2.09971
1.2,2.79612,2.68444
1.21,2.80685,2.5449
1.22,2.8173,2.46517
1.23,2.82747,2.5449
1.24,2.83735,2.5449
1.25,2.84695,2.69773
1.26,2.85627,2.78411
1.27,2.8653,2.37879
1.28,2.87405,2.41201
1.29,2.88251,2.47846
1.3,2.89067,2.5449
1.31,2.89855,2.50503
1.32,2.90615,2.49175
1.33,2.91345,2.46517
1.34,2.92045,2.7974
1.35,2.92717,2.68444
1.36,2.93359,2.67115
1.37,2.93972,2.28576
1.38,2.94556,2.5449
1.39,2.9511,2.47846
1.4,2.95635,2.65786
1.41,2.9613,2.57813
1.42,2.96596,2.53161
1.43,2.97031,2.51832
1.44,2.97438,2.56484
1.45,2.97814,2.63128
1.46,2.98161,2.47846
1.47,2.98477,2.53161
1.48,2.98764,2.61799
1.49,2.99021,2.83727
1.5,2.99248,2.71766
1.51,2.99446,2.69773
1.52,2.99613,2.33892
1.53,2.9975,2.78411
1.54,2.99858,2.73095
1.55,2.99935,2.85056
1.56,2.99983,2.56484
1.57,3,2.67115
1.58,2.99987,2.71766
1.59,2.99945,2.61799
1.6,2.99872,2.57813
1.61,2.99769,2.64457
1.62,2.99637,2.65786
1.63,2.99474,2.68444
1.64,2.99282,2.7974
1.65,2.9906,2.91036
1.66,2.98807,2.61799
1.67,2.98525,2.53161
1.68,2.98213,2.5449
1.69,2.97871,2.5449
1.7,2.97499,2.73095
1.71,2.97098,2.69773
1.72,2.96667,2.71766
1.73,2.96206,2.92365
1.74,2.95716,2.82398
1.75,2.95196,2.81069
1.76,2.94646,2.49175
1.77,2.94067,2.37879
1.78,2.93459,2.3655
1.79,2.92821,2.33892
1.8,2.92154,2.81069
1.81,2.91458,2.77082
1.82,2.90733,2.77082
1.83,2.89978,2.74424
1.84,2.89195,2.64457
1.85,2.88383,2.37879
1.86,2.87541,2.67115
1.87,2.86671,2.81069
1.88,2.85773,2.73095
1.89,2.84846,2.73095
1.9,2.8389,2.3655
1.91,2.82906,2.33892
1.92,2.81894,2.29905
1.93,2.80853,2.57813
1.94,2.79785,2.63128
1.95,2.78688,2.64457
1.96,2.77563,2.53161
1.97,2.76411,2.29905
1.98,2.75231,2.59142
1.99,2.74024,2.45188
2,2.72789,2.49175
2.01,2.71527,2.33892
2.02,2.70238,2.4253
2.03,2.68922,2.18609
2.04,2.67579,2.25918
2.05,2.66209,2.5449
2.06,2.64812,2.6047
2.07,2.63389,2.21267
2.08,2.6194,2.3655
2.09,2.60464,2.32563
2.1,2.58963,2.25918
2.11,2.57435,2.45188
2.12,2.55882,2.22596
2.13,2.54303,2.00669
2.14,2.52699,2.50503
2.15,2.5107,2.13293
2.16,2.49415,2.18609
2.17,2.47735,2.31234
2.18,2.46031,1.96682
2.19,2.44302,2.07313
2.2,2.42549,1.85386
2.21,2.40771,2.37879
2.22,2.3897,2.09971
2.23,2.37144,1.88044
2.24,2.35295,1.89373
2.25,2.33422,2.31234
2.26,2.31526,1.94688
2.27,2.29606,1.90702
2.28,2.27664,2.14622
2.29,2.25699,1.60136
2.3,2.23712,2.14622
2.31,2.21702,1.90702
2.32,2.19669,1.76748
2.33,2.17615,2.19938
2.34,2.15539,1.86715
2.35,2.13442,1.60136
2.36,2.11323,2.01997
2.37,2.09183,1.90702
2.38,2.07022,1.60136
2.39,2.04841,1.72761
2.4,2.02639,1.9934
2.41,2.00417,1.64123
2.42,1.98174,1.40867
2.43,1.95912,1.78077
2.44,1.9363,1.81399
2.45,1.91329,1.89373
2.46,1.89009,1.4884
2.47,1.8667,1.44853
2.48,1.84312,1.5482
2.49,1.81936,1.52163
2.5,1.79542,1.79406
2.51,1.77129,1.70103
2.52,1.74699,1.66116
2.53,1.72252,1.7409
2.54,1.69787,1.68774
2.55,1.67305,1.26913
2.56,1.64807,1.34886
2.57,1.62292,1.58807
2.58,1.5976,1.44853
2.59,1.57213,1.33558
2.6,1.5465,1.46182
2.61,1.52072,1.4884
2.62,1.49478,1.56149
2.63,1.4687,1.25584
2.64,1.44247,1.06314
2.65,1.41609,0.976764
2.66,1.38957,1.04321
2.67,1.36292,1.16946
2.68,1.33612,1.10301
2.69,1.3092,1.25584
2.7,1.28214,0.890384
2.71,1.25495,1.10301
2.72,1.22764,1.32229
2.73,1.20021,1.04321
2.74,1.17265,0.810648
2.75,1.14498,1.04321
2.76,1.1172,0.963475
2.77,1.0893,0.810648
2.78,1.06129,1.15617
2.79,1.03318,0.810648
2.8,1.00496,0.58473
2.81,0.976648,1.00334
2.82,0.948234,0.617953
2.83,0.919725,0.823937
2.84,0.891124,0.598019
2.85,0.862434,0.963475
2.86,0.833658,0.558151
2.87,0.804798,0.598019
2.88,0.775858,0.392035
2.89,0.74684,0.631242
2.9,0.717748,0.631242
2.91,0.688584,0.478415
2.92,0.659351,0.631242
2.93,0.630052,0.405324
2.94,0.60069,0.558151
2.95,0.571268,0.657821
2.96,0.541789,0.265786
2.97,0.512255,0.172761
2.98,0.482671,-0
2.99,0.453038,-0.0132893
3,0.42336,-0
3.01,0.39364,-0
3.02,0.36388,-0
3.03,0.334084,-0.0132893
3.04,0.304254,-0
3.05,0.274394,-0
3.06,0.244506,-0.0132893
3.07,0.214595,-0.0132893
3.08,0.184661,-0
3.09,0.154709,-0.0132893
3.1,0.124742,-0.0132893
3.11,0.0947622,-0.0132893
3.12,0.0647729,0.019934
3.13,0.0347772,-0.0132893
3.14,0.00477796,-0.0132893
3.15,-0.0252217,0.019934
3.16,-0.0552189,-0
3.17,-0.0852106,-0.0132893
3.18,-0.115194,-0.0265786
3.19,-0.145165,-0.0132893
3.2,-0.175122,-0.0132893
3.21,-0.205062,-0.0398679
3.22,-0.234981,-0.152827
3.23,-0.264877,-0.232563
3.24,-0.294746,-0.119604
3.25,-0.324585,-0.192695
3.26,-0.354393,-0.0664465
3.27,-0.384164,0.0465126
3.28,-0.413898,-0
3.29,-0.44359,-0
3.3,-0.473237,-0
3.31,-0.502837,-0.0132893
3.32,-0.532387,-0.0132893
3.33,-0.561884,-0
3.34,-0.591325,-0.0398679
3.35,-0.620706,-0.0132893
3.36,-0.650025,-0.0265786
3.37,-0.67928,-0.119604
3.38,-0.708466,-0.219274
3.39,-0.737582,-0.259142
3.4,-0.766623,-0.48506
3.41,-0.795588,-0.511638
3.42,-0.824474,-0.438547
3.43,-0.853277,-0.651176
3.44,-0.881995,-0.358811
3.45,-0.910625,-0.411969
3.46,-0.939163,-0.804003
3.47,-0.967608,-0.730912
3.48,-0.995956,-0.664465
3.49,-1.0242,-0.591374
3.5,-1.05235,-0.750846
3.51,-1.08039,-0.85716
3.52,-1.10832,-0.578085
3.53,-1.13614,-0.730912
3.54,-1.16385,-0.817293
3.55,-1.19144,-0.996698
3.56,-1.21892,-0.85716
3.57,-1.24627,-0.730912
3.58,-1.27349,-1.00999
3.59,-1.30059,-1.0565
3.6,-1.32756,-0.87045
3.61,-1.3544,-1.0565
3.62,-1.3811,-1.13624
3.63,-1.40766,-1.40202
3.64,-1.43408,-0.943541
3.65,-1.46036,-0.903673
3.66,-1.48649,-1.12295
3.67,-1.51248,-1.0565
3.68,-1.53831,-1.45518
3.69,-1.56399,-1.28906
3.7,-1.58951,-1.56814
3.71,-1.61487,-1.10966
3.72,-1.64007,-1.14953
3.73,-1.66511,-1.08308
3.74,-1.68998,-1.22262
3.75,-1.71468,-1.14953
3.76,-1.73921,-1.1761
3.77,-1.76357,-1.2492
3.78,-1.78775,-1.41531
3.79,-1.81175,-1.51498
3.8,-1.83557,-1.65452
3.81,-1.85921,-1.72097
3.82,-1.88266,-1.8605
3.83,-1.90592,-1.55485
3.84,-1.929,-1.28906
3.85,-1.95188,-1.45518
3.86,-1.97456,-1.59472
3.87,-1.99705,-1.94024
3.88,-2.01933,-1.77412
3.89,-2.04142,-1.72097
3.9,-2.0633,-1.45518
3.91,-2.08497,-1.73425
3.92,-2.10644,-2.27912
3.93,-2.12769,-1.54156
3.94,-2.14874,-1.69439
3.95,-2.16956,-2.0532
3.96,-2.19018,-1.74754
3.97,-2.21057,-1.70768
3.98,-2.23074,-1.66781
3.99,-2.25068,-1.6811
4,-2.27041,-1.66781
4.01,-2.2899,-1.98675
4.02,-2.30917,-1.90037
4.03,-2.3282,-1.97346
4.04,-2.34701,-1.76083
4.05,-2.36558,-1.87379
4.06,-2.38391,-2.07978
4.07,-2.402,-1.76083
4.08,-2.41985,-2.16616
4.09,-2.43746,-1.8605
4.1,-2.45483,-2.16616
4.11,-2.47195,-1.88708
4.12,-2.48883,-2.19274
4.13,-2.50545,-1.91366
4.14,-2.52183,-2.20603
4.15,-2.53795,-2.0532
4.16,-2.55382,-2.26583
4.17,-2.56943,-2.13958
4.18,-2.58479,-1.94024
4.19,-2.59989,-2.09307
4.2,-2.61473,-1.96017
4.21,-2.6293,-2.17945
4.22,-2.64362,-2.27912
4.23,-2.65767,-2.13958
4.24,-2.67145,-2.35885
4.25,-2.68497,-2.13958
4.26,-2.69822,-2.19274
4.27,-2.71119,-2.47181
4.28,-2.7239,-2.09307
4.29,-2.73634,-2.06649
4.3,-2.7485,-2.29241
4.31,-2.76038,-2.41865
4.32,-2.77199,-2.21931
4.33,-2.78333,-2.113
4.34,-2.79438,-2.3057
4.35,-2.80516,-2.40536
4.36,-2.81565,-2.51168
4.37,-2.82587,-2.43194
4.38,-2.8358,-2.43194
4.39,-2.84544,-2.49839
4.4,-2.85481,-2.41865
4.41,-2.86388,-2.44523
4.42,-2.87267,-2.37214
4.43,-2.88118,-2.57148
4.44,-2.88939,-2.7376
4.45,-2.89732,-3.00338
4.46,-2.90496,-2.43194
4.47,-2.9123,-2.40536
4.48,-2.91936,-2.40536
4.49,-2.92612,-2.75089
4.5,-2.93259,-2.35885
4.51,-2.93877,-2.76418
4.52,-2.94465,-2.87714
4.53,-2.95024,-2.29241
4.54,-2.95553,-2.33227
4.55,-2.96053,-2.31898
4.56,-2.96523,-2.41865
4.57,-2.96964,-2.77747
4.58,-2.97375,-2.79075
4.59,-2.97756,-2.93029
4.6,-2.98107,-3.01667
4.61,-2.98429,-2.52497
4.62,-2.98721,-2.55819
4.63,-2.98982,-2.52497
4.64,-2.99214,-2.65122
4.65,-2.99416,-2.59806
4.66,-2.99588,-2.71102
4.67,-2.99731,-2.89042
4.68,-2.99843,-2.7376
4.69,-2.99925,-2.69109
4.7,-2.99977,-2.66451
4.71,-2.99999,-2.52497
4.72,-2.99991,-2.57148
4.73,-2.99953,-2.65122
4.74,-2.99886,-2.81733
4.75,-2.99788,-2.77747
4.76,-2.9966,-2.58477
4.77,-2.99502,-2.49839
4.78,-2.99315,-2.63793
4.79,-2.99097,-2.6778
4.8,-2.98849,-2.59806
4.81,-2.98572,-2.77747
4.82,-2.98265,-2.75089
4.83,-2.97928,-2.6778
4.84,-2.97561,-2.84391
4.85,-2.97164,-2.53826
4.86,-2.96738,-2.44523
4.87,-2.96282,-2.4851
4.88,-2.95796,-2.53826
4.89,-2.95281,-2.35885
4.9,-2.94736,-2.49839
4.91,-2.94162,-2.58477
4.92,-2.93558,-2.59806
4.93,-2.92925,-2.63793
4.94,-2.92262,-2.43194
4.95,-2.91571,-2.61135
4.96,-2.9085,-2.44523
4.97,-2.901,-2.38543
4.98,-2.89322,-2.49839
4.99,-2.88514,-2.53826
5,-2.87677,-2.63793
5.01,-2.86812,-2.51168
5.02,-2.85918,-2.47181
5.03,-2.84995,-2.40536
5.04,-2.84044,-2.3057
5.05,-2.83065,-2.51168
5.06,-2.82057,-2.55819
5.07,-2.81021,-2.3057
5.08,-2.79957,-2.21931
5.09,-2.78864,-2.3057
5.1,-2.77744,-2.47181
5.11,-2.76597,-2.58477
5.12,-2.75421,-2.4851
5.13,-2.74218,-2.45852
5.14,-2.72988,-2.26583
5.15,-2.7173,-2.38543
5.16,-2.70445,-2.3057
5.17,-2.69133,-2.19274
5.18,-2.67794,-2.26583
5.19,-2.66429,-2.44523
5.2,-2.65036,-2.2326
5.21,-2.63618,-2.113
5.22,-2.62172,-2.37214
5.23,-2.60701,-2.27912
5.24,-2.59204,-2.0532
5.25,-2.5768,-2.34556
5.26,-2.56131,-2.17945
5.27,-2.54557,-2.34556
5.28,-2.52956,-2.52497
5.29,-2.51331,-1.87379
5.3,-2.4968,-2.31898
5.31,-2.48005,-2.43194
5.32,-2.46304,-2.15287
5.33,-2.44579,-2.31898
5.34,-2.4283,-1.94024
5.35,-2.41056,-2.29241
5.36,-2.39258,-2.33227
5.37,-2.37436,-1.94024
5.38,-2.35591,-1.94024
5.39,-2.33722,-2.02662
5.4,-2.31829,-2.3057
5.41,-2.29914,-2.12629
5.42,-2.27975,-2.12629
5.43,-2.26014,-1.98675
5.44,-2.2403,-2.07978
5.45,-2.22023,-2.3057
5.46,-2.19995,-1.6213
5.47,-2.17944,-2.06649
5.48,-2.15872,-2.01333
5.49,-2.13777,-1.80735
5.5,-2.11662,-1.88708
5.51,-2.09526,-1.84721
5.52,-2.07368,-1.74754
5.53,-2.0519,-2.01333
5.54,-2.02991,-1.56814
5.55,-2.00772,-1.91366
5.56,-1.98533,-2.113
5.57,-1.96274,-1.50169
5.58,-1.93995,-1.52827
5.59,-1.91697,-1.98675
5.6,-1.8938,-1.77412
5.61,-1.87044,-1.96017
5.62,-1.84689,-1.45518
5.63,-1.82316,-1.28906
5.64,-1.79924,-1.54156
5.65,-1.77515,-1.36215
5.66,-1.75087,-1.74754
5.67,-1.72643,-1.83392
5.68,-1.70181,-1.38873
5.69,-1.67701,-1.37544
5.7,-1.65206,-1.10966
5.71,-1.62693,-1.36215
5.72,-1.60165,-1.12295
5.73,-1.5762,-1.1761
5.74,-1.5506,-1.06979
5.75,-1.52484,-1.2492
5.76,-1.49893,-1.14953
5.77,-1.47286,-1.06979
5.78,-1.44666,-1.34222
5.79,-1.4203,-1.34222
5.8,-1.39381,-1.48176
5.81,-1.36717,-1.32893
5.82,-1.3404,-1.27577
5.83,-1.31349,-0.983409
5.84,-1.28646,-0.943541
5.85,-1.25929,-1.30235
5.86,-1.232,-1.13624
5.87,-1.20459,-1.28906
5.88,-1.17705,-0.830582
5.89,-1.1494,-0.85716
5.9,-1.12163,-1.26248
5.91,-1.09375,-0.903673
5.92,-1.06576,-0.764135
5.93,-1.03766,-0.996698
5.94,-1.00947,-0.704333
5.95,-0.981164,-0.830582
5.96,-0.952766,-1.0565
5.97,-0.924272,-0.611308
5.98,-0.895685,-0.790714
5.99,-0.867009,-0.790714
6,-0.838246,-0.578085
6.01,-0.8094,-0.372101
6.02,-0.780472,-0.730912
6.03,-0.751467,-0.651176
6.04,-0.722386,-0.843871
6.05,-0.693233,-0.411969
6.06,-0.664011,-0.48506
6.07,-0.634722,-0.564796
6.08,-0.60537,-0.38539
6.09,-0.575958,-0.538217
6.1,-0.546488,-0.272431
6.11,-0.516963,-0.205984
6.12,-0.487386,-0.166116
6.13,-0.457761,-0.318943
6.14,-0.42809,-0.538217
6.15,-0.398376,-0.438547
6.16,-0.368622,-0.48506
6.17,-0.338831,-0.538217
6.18,-0.309007,-0.0531572
6.19,-0.279152,0.126248
6.2,-0.249268,0.0996698
6.21,-0.21936,-0.0265786
6.22,-0.18943,-0
6.23,-0.159481,-0
6.24,-0.129516,-0
6.25,-0.0995376,0.019934
6.26,-0.0695497,-0
6.27,-0.0395548,0.0332233
6.28,-0.00955591,0.0332233
6.29,0.0204439,-0
6.3,0.0504417,0.019934
6.31,0.0804344,0.019934
6.32,0.110419,0.019934
6.33,0.140393,0.019934
6.34,0.170352,-0
6.35,0.200295,0.019934
6.36,0.230218,0.019934
6.37,0.260117,0.019934
6.38,0.289991,-0
6.39,0.319835,0.019934
6.4,0.349648,0.019934
6.41,0.379425,0.019934
6.42,0.409165,0.0332233
6.43,0.438864,0.0465126
6.44,0.468518,0.0465126
6.45,0.498126,0.0863805
6.46,0.527684,0.18605
6.47,0.55719,0.239208
6.48,0.58664,0.0465126
6.49,0.616031,0.019934
6.5,0.64536,0.019934
6.51,0.674625,0.126248
6.52,0.703822,0.279076
6.53,0.732949,0.378745
6.54,0.762003,0.405324
6.55,0.790981,0.365456
6.56,0.819879,0.631242
6.57,0.848695,0.757491
6.58,0.877427,0.57144
6.59,0.906071,0.724267
6.6,0.934624,0.558151
6.61,0.963084,0.910318
6.62,0.991447,0.644531
6.63,1.01971,0.67111
6.64,1.04787,0.544862
6.65,1.07593,0.963475
6.66,1.10388,0.963475
6.67,1.13172,0.697689
6.68,1.15945,1.00334
6.69,1.18706,0.737557
6.7,1.21455,0.950186
6.71,1.24192,0.936896
6.72,1.26917,0.850516
6.73,1.29629,1.10301
6.74,1.32327,1.38209
6.75,1.35013,0.890384
6.76,1.37685,0.863805
6.77,1.40344,1.32229
6.78,1.42988,1.24255
6.79,1.45618,1.3688
6.8,1.48234,1.10301
6.81,1.50835,1.1163
6.82,1.5342,0.963475
6.83,1.55991,1.1163
6.84,1.58545,1.24255
6.85,1.61084,1.21597
6.86,1.63607,1.29571
6.87,1.66113,1.4884
6.88,1.68603,1.60136
6.89,1.71076,1.4884
6.9,1.73532,1.4884
6.91,1.7597,1.60136
6.92,1.78391,1.62794
6.93,1.80794,1.5482
6.94,1.83179,1.50834
6.95,1.85546,1.26913
6.96,1.87894,1.46182
6.97,1.90223,1.309
6.98,1.92533,1.79406
6.99,1.94824,1.72761
7,1.97096,1.88044
7.01,1.99348,1.57478
7.02,2.0158,1.60136
7.03,2.03791,1.46182
7.04,2.05983,1.9934
7.05,2.08153,1.72761
7.06,2.10303,1.40867
7.07,2.12432,2.18609
7.08,2.1454,1.78077
7.09,2.16626,1.71432
7.1,2.18691,1.98011
7.11,2.20733,1.98011
7.12,2.22754,1.70103
7.13,2.24752,1.90702
7.14,2.26728,1.90702
7.15,2.28681,1.84057
7.16,2.30612,1.93359
7.17,2.32519,1.71432
7.18,2.34403,2.21267
7.19,2.36263,1.82728
7.2,2.381,2.14622
7.21,2.39913,2.00669
7.22,2.41703,2.11964
7.23,2.43468,1.86715
7.24,2.45208,2.09971
7.25,2.46924,2.01997
7.26,2.48616,2.05984
7.27,2.50282,2.04655
7.28,2.51924,2.4253
7.29,2.5354,2.05984
7.3,2.55131,2.32563
7.31,2.56696,2.05984
7.32,2.58236,2.29905
7.33,2.5975,2.50503
7.34,2.61238,2.00669
7.35,2.627,2.49175
7.36,2.64136,2.50503
7.37,2.65545,1.98011
7.38,2.66927,2.31234
7.39,2.68283,2.29905
7.4,2.69612,2.23925
7.41,2.70915,2.29905
7.42,2.7219,2.39208
7.43,2.73437,2.01997
7.44,2.74658,2.21267
7.45,2.75851,2.45188
7.46,2.77016,2.61799
7.47,2.78154,2.27247
7.48,2.79264,2.27247
7.49,2.80346,2.51832
7.5,2.814,2.49175
7.51,2.82426,2.63128
7.52,2.83423,2.47846
7.53,2.84393,2.18609
7.54,2.85333,2.56484
7.55,2.86246,2.59142
7.56,2.87129,2.39208
7.57,2.87984,2.33892
7.58,2.8881,2.39208
7.59,2.89608,2.46517
7.6,2.90376,2.59142
7.61,2.91115,2.35221
7.62,2.91825,2.4253
7.63,2.92506,2.61799
7.64,2.93158,2.61799
7.65,2.9378,2.82398
7.66,2.94373,2.69773
7.67,2.94937,2.39208
7.68,2.95471,2.29905
7.69,2.95976,2.56484
7.7,2.9645,2.39208
7.71,2.96896,2.49175
7.72,2.97311,2.59142
7.73,2.97697,2.53161
7.74,2.98053,2.5449
7.75,2.9838,2.61799
7.76,2.98676,2.65786
7.77,2.98943,2.67115
7.78,2.99179,2.59142
7.79,2.99386,2.6047
7.8,2.99563,2.77082
7.81,2.9971,2.74424
7.82,2.99827,2.65786
7.83,2.99914,2.37879
7.84,2.99971,2.56484
7.85,2.99998,2.69773
7.86,2.99995,2.77082
7.87,2.99962,2.77082
7.88,2.99898,3.02332
7.89,2.99805,2.83727
7.9,2.99682,2.74424
7.91,2.99529,2.75753
7.92,2.99346,2.46517
7.93,2.99134,2.4253
7.94,2.98891,2.63128
7.95,2.98618,2.37879
7.96,2.98316,2.41201
7.97,2.97983,2.75753
7.98,2.97621,2.87049
7.99,2.97229,2.91036
8,2.96807,2.7974
8.01,2.96356,2.5449
8.02,2.95875,2.5449
8.03,2.95365,2.43859
8.04,2.94825,2.61799
8.05,2.94255,2.41201
8.06,2.93656,2.41201
8.07,2.93028,2.56484
8.08,2.9237,2.81069
8.09,2.91683,2.7974
8.1,2.90967,2.65786
8.11,2.90222,2.49175
8.12,2.89448,2.28576
8.13,2.88644,2.5449
8.14,2.87812,2.45188
8.15,2.86952,2.46517
8.16,2.86062,2.41201
8.17,2.85144,2.41201
8.18,2.84198,2.47846
8.19,2.83223,2.6047
8.2,2.82219,2.32563
8.21,2.81188,2.3655
8.22,2.80128,2.3655
8.23,2.7904,2.73095
8.24,2.77925,2.68444
8.25,2.76781,2.4253
8.26,2.7561,2.29905
8.27,2.74412,2.3655
8.28,2.73186,2.67115
8.29,2.71932,2.71766
8.3,2.70652,2.45188
8.31,2.69344,2.39208
8.32,2.68009,2.61799
8.33,2.66648,2.81069
8.34,2.6526,2.27247
8.35,2.63845,2.33892
8.36,2.62404,2.43859
8.37,2.60937,2.33892
8.38,2.59444,2.32563
8.39,2.57925,2.51832
8.4,2.5638,2.18609
8.41,2.54809,2.3655
8.42,2.53213,2.47846
8.43,2.51591,2.19938
8.44,2.49945,1.9934
8.45,2.48273,2.05984
8.46,2.46577,2.22596
8.47,2.44856,2.35221
8.48,2.4311,1.96682
8.49,2.4134,2.39208
8.5,2.39546,1.94688
8.51,2.37728,2.05984
8.52,2.35886,1.75419
8.53,2.34021,2.28576
8.54,2.32132,1.85386
8.55,2.3022,2.14622
8.56,2.28285,1.86715
8.57,2.26328,2.00669
8.58,2.24347,2.07313
8.59,2.22344,1.89373
8.6,2.20319,1.93359
8.61,2.18272,1.7409
8.62,2.16203,1.94688
8.63,2.14112,1.58807
8.64,2.12,1.81399
8.65,2.09867,1.96682
8.66,2.07713,1.88044
8.67,2.05538,1.86715
8.68,2.03343,1.53492
8.69,2.01127,1.96682
8.7,1.98891,1.76748
8.71,1.96635,1.72761
8.72,1.94359,1.5482
8.73,1.92064,1.39538
8.74,1.8975,1.88044
8.75,1.87417,1.70103
8.76,1.85065,1.89373
8.77,1.82695,1.43525
8.78,1.80306,1.42196
8.79,1.779,1.29571
8.8,1.75475,1.47511
8.81,1.73033,1.76748
8.82,1.70574,1.52163
8.83,1.68097,1.58807
8.84,1.65604,1.67445
8.85,1.63095,1.58807
8.86,1.60568,1.58807
8.87,1.58026,1.28242
8.88,1.55468,1.57478
8.89,1.52895,1.38209
8.9,1.50306,1.33558
8.91,1.47702,1.22926
8.92,1.45084,1.06314
8.93,1.42451,1.04321
8.94,1.39804,1.15617
8.95,1.37142,1.04321
8.96,1.34467,1.33558
8.97,1.31779,1.10301
8.98,1.29077,1.28242
8.99,1.26363,0.837226
9,1.23636,0.936896
9.01,1.20896,1.33558
9.02,1.18144,0.863805
9.03,1.15381,0.877094
9.04,1.12606,1.14288
9.05,1.0982,0.850516
9.06,1.07023,0.684399
9.07,1.04215,1.08972
9.08,1.01396,0.697689
9.09,0.985678,0.850516
9.1,0.957295,1.14288
9.11,0.928816,0.631242
9.12,0.900244,0.724267
9.13,0.871582,0.491704
9.14,0.842833,0.910318
9.15,0.814,0.531572
9.16,0.785085,0.644531
9.17,0.756092,0.531572
9.18,0.727023,0.58473
9.19,0.697881,0.757491
9.2,0.66867,0.365456
9.21,0.639391,0.338877
9.22,0.610049,0.312299
9.23,0.580646,0.292365
9.24,0.551185,0.279076
9.25,0.521668,0.491704
9.26,0.4921,0.531572
9.27,0.462482,0.18605
9.28,0.432818,0.239208
9.29,0.403111,0.212629
9.3,0.373363,0.365456
9.31,0.343578,0.239208
9.32,0.313759,0.212629
9.33,0.283908,0.212629
9.34,0.254029,0.365456
9.35,0.224125,0.265786
9.36,0.194198,-0.0265786
9.37,0.164252,-0
9.38,0.134289,-0
9.39,0.104313,-0
9.4,0.0743263,-0.0132893
9.41,0.0443323,-0.0132893
9.42,0.0143338,-0.0398679
9.43,-0.015666,-0.0398679
9.44,-0.0456644,-0.0132893
9.45,-0.0756581,-0
9.46,-0.105644,-0
9.47,-0.13562,-0.0132893
9.48,-0.165582,-0.0132893
9.49,-0.195527,-0
9.5,-0.225453,0.019934
9.51,-0.255357,-0.0132893
9.52,-0.285235,-0.0132893
9.53,-0.315084,0.019934
9.54,-0.344902,-0
9.55,-0.374685,-0.0132893
9.56,-0.404431,-0.0132893
9.57,-0.434136,-0
9.58,-0.463798,-0
9.59,-0.493414,-0.0132893
9.6,-0.52298,-0
9.61,-0.552494,-0.0132893
9.62,-0.581953,-0.0265786
9.63,-0.611354,-0.0265786
9.64,-0.640693,-0.0265786
9.65,-0.669968,-0.0930252
9.66,-0.699177,-0.205984
9.67,-0.728315,-0.205984
9.68,-0.757381,-0.425258
9.69,-0.786371,-0.538217
9.7,-0.815282,-0.411969
9.71,-0.844112,-0.651176
9.72,-0.872857,-0.358811
9.73,-0.901515,-0.318943
9.74,-0.930083,-0.777425
9.75,-0.958558,-0.664465
9.76,-0.986937,-0.97012
9.77,-1.01522,-0.551506
9.78,-1.0434,-0.764135
9.79,-1.07147,-0.704333
9.8,-1.09944,-0.830582
9.81,-1.12729,-0.591374
9.82,-1.15504,-0.830582
9.83,-1.18267,-1.2492
9.84,-1.21018,-0.817293
9.85,-1.23757,-0.750846
9.86,-1.26484,-1.1761
9.87,-1.29197,-0.883739
9.88,-1.31899,-0.930252
9.89,-1.34586,-1.12295
9.9,-1.37261,-1.14953
9.91,-1.39921,-1.09637
9.92,-1.42568,-0.883739
9.93,-1.45201,-0.983409
9.94,-1.47818,-1.38873
9.95,-1.50422,-1.22262
9.96,-1.5301,-1.48176
9.97,-1.55582,-1.02328
9.98,-1.5814,-1.28906
9.99,-1.60681,-1.0565
10,-1.63206,-1.10966
10.01,-1.65715,-1.00999
10.02,-1.68208,-1.27577
10.03,-1.70683,-1.1761
10.04,-1.73142,-1.28906
10.05,-1.75583,-1.16281
10.06,-1.78007,-1.40202
10.07,-1.80413,-1.51498
10.08,-1.82801,-1.36215
10.09,-1.8517,-1.58143
10.1,-1.87521,-1.63459
10.11,-1.89853,-1.70768
10.12,-1.92167,-1.52827
10.13,-1.94461,-1.59472
10.14,-1.96736,-1.40202
10.15,-1.9899,-1.77412
10.16,-2.01226,-1.77412
10.17,-2.03441,-1.91366
10.18,-2.05635,-1.45518
10.19,-2.07809,-1.55485
10.2,-2.09962,-2.25254
10.21,-2.12095,-1.52827
10.22,-2.14206,-1.52827
10.23,-2.16295,-2.06649
10.24,-2.18363,-1.65452
10.25,-2.2041,-1.54156
10.26,-2.22434,-1.98675
10.27,-2.24436,-1.59472
10.28,-2.26415,-1.59472
10.29,-2.28372,-2.113
10.3,-2.30306,-1.80735
10.31,-2.32217,-1.80735
10.32,-2.34104,-1.94024
10.33,-2.35969,-2.06649
10.34,-2.37809,-2.07978
10.35,-2.39626,-1.76083
10.36,-2.41419,-2.25254
10.37,-2.43188,-1.84721
10.38,-2.44933,-2.13958
10.39,-2.46653,-1.96017
10.4,-2.48348,-2.29241
10.41,-2.50018,-1.88708
10.42,-2.51664,-2.16616
10.43,-2.53284,-1.96017
10.44,-2.54879,-2.29241
10.45,-2.56449,-2.0532
10.46,-2.57993,-2.00004
10.47,-2.59511,-2.51168
10.48,-2.61003,-2.0532
10.49,-2.62469,-2.34556
10.5,-2.63909,-2.4851
10.51,-2.65322,-2.13958
10.52,-2.66709,-2.38543
10.53,-2.68069,-2.34556
10.54,-2.69403,-2.34556
10.55,-2.70709,-2.58477
10.56,-2.71988,-2.58477
10.57,-2.73241,-2.45852
10.58,-2.74465,-2.27912
10.59,-2.75663,-2.40536
10.6,-2.76833,-2.35885
10.61,-2.77975,-2.20603
10.62,-2.79089,-2.4851
10.63,-2.80176,-2.51168
10.64,-2.81234,-2.63793
10.65,-2.82264,-2.51168
10.66,-2.83266,-2.57148
10.67,-2.8424,-2.49839
10.68,-2.85185,-2.38543
10.69,-2.86102,-2.41865
10.7,-2.86991,-2.37214
10.71,-2.8785,-2.40536
10.72,-2.88681,-2.84391
10.73,-2.89483,-2.917
10.74,-2.90255,-2.77747
10.75,-2.90999,-2.59806
10.76,-2.91714,-2.41865
10.77,-2.924,-2.41865
10.78,-2.93056,-2.44523
10.79,-2.93683,-2.81733
10.8,-2.94281,-2.84391
10.81,-2.94849,-2.7376
10.82,-2.95388,-2.51168
10.83,-2.95897,-2.4851
10.84,-2.96377,-2.40536
10.85,-2.96827,-2.6778
10.86,-2.97247,-2.4851
10.87,-2.97638,-2.52497
10.88,-2.97999,-2.49839
10.89,-2.9833,-2.44523
10.9,-2.98631,-2.47181
10.91,-2.98902,-2.49839
10.92,-2.99144,-2.43194
10.93,-2.99355,-2.65122
10.94,-2.99537,-2.38543
10.95,-2.99689,-2.6778
10.96,-2.9981,-2.55819
10.97,-2.99902,-2.90371
10.98,-2.99964,-2.917
10.99,-2.99995,-2.83062
11,-2.99997,-2.89042
11.01,-2.99969,-2.77747
11.02,-2.99911,-2.38543
11.03,-2.99822,-2.49839
11.04,-2.99704,-2.4851
11.05,-2.99556,-2.57148
11.06,-2.99378,-2.61135
11.07,-2.9917,-2.62464
11.08,-2.98931,-2.69109
11.09,-2.98664,-2.89042
11.1,-2.98366,-2.63793
11.11,-2.98038,-2.4851
11.12,-2.97681,-2.66451
11.13,-2.97294,-2.62464
11.14,-2.96877,-2.63793
11.15,-2.9643,-2.65122
11.16,-2.95954,-2.49839
11.17,-2.95448,-2.61135
11.18,-2.94913,-2.62464
11.19,-2.94348,-2.4851
11.2,-2.93753,-2.71102
11.21,-2.9313,-2.41865
11.22,-2.92477,-2.31898
11.23,-2.91794,-2.35885
11.24,-2.91083,-2.31898
11.25,-2.90342,-2.38543
11.26,-2.89573,-2.80404
11.27,-2.88774,-2.75089
11.28,-2.87947,-2.6778
11.29,-2.87091,-2.80404
11.3,-2.86206,-2.33227
11.31,-2.85292,-2.34556
11.32,-2.8435,-2.34556
11.33,-2.8338,-2.38543
11.34,-2.82381,-2.53826
11.35,-2.81354,-2.76418
11.36,-2.80299,-2.3057
11.37,-2.79215,-2.40536
11.38,-2.78104,-2.37214
11.39,-2.76965,-2.29241
11.4,-2.75799,-2.57148
11.41,-2.74604,-2.65122
11.42,-2.73383,-2.43194
11.43,-2.72134,-2.26583
11.44,-2.70857,-2.40536
11.45,-2.69554,-2.44523
11.46,-2.68224,-2.34556
11.47,-2.66867,-2.59806
11.48,-2.65483,-2.62464
11.49,-2.64072,-2.62464
11.5,-2.62636,-2.34556
11.51,-2.61173,-2.44523
11.52,-2.59683,-2.12629
11.53,-2.58168,-2.15287
11.54,-2.56627,-2.00004
11.55,-2.55061,-2.44523
11.56,-2.53469,-2.34556
11.57,-2.51851,-2.31898
11.58,-2.50209,-2.21931
11.59,-2.48541,-2.01333
11.6,-2.46849,-2.45852
11.61,-2.45131,-2.13958
11.62,-2.4339,-1.91366
11.63,-2.41624,-2.09307
11.64,-2.39833,-1.94024
11.65,-2.38019,-2.37214
11.66,-2.36181,-1.8605
11.67,-2.3432,-2.26583
11.68,-2.32435,-1.74754
11.69,-2.30526,-2.19274
11.7,-2.28595,-1.96017
11.71,-2.26641,-2.31898
11.72,-2.24664,-1.87379
11.73,-2.22665,-1.8605
11.74,-2.20643,-1.97346
11.75,-2.18599,-1.98675
11.76,-2.16534,-1.72097
11.77,-2.14447,-2.16616
11.78,-2.12338,-2.0532
11.79,-2.10208,-1.63459
11.8,-2.08058,-2.12629
11.81,-2.05886,-1.91366
11.82,-2.03694,-1.63459
11.83,-2.01481,-2.21931
11.84,-1.99248,-1.83392
11.85,-1.96996,-1.51498
11.86,-1.94723,-1.80735
11.87,-1.92431,-1.77412
11.88,-1.9012,-1.6811
11.89,-1.8779,-1.51498
11.9,-1.85441,-1.41531
11.91,-1.83074,-1.69439
11.92,-1.80688,-1.90037
11.93,-1.78284,-1.76083
11.94,-1.75862,-1.72097
11.95,-1.73423,-1.16281
11.96,-1.70967,-1.38873
11.97,-1.68493,-1.18939
11.98,-1.66002,-1.36215
11.99,-1.63495,-1.1761
12,-1.60972,-1.2492
12.01,-1.58432,-1.22262
12.02,-1.55877,-1.36215
12.03,-1.53306,-1.08308
12.04,-1.5072,-1.16281
12.05,-1.48118,-1.16281
12.06,-1.45502,-1.00999
12.07,-1.42871,-1.08308
12.08,-1.40226,-0.983409
12.09,-1.37567,-1.48176
12.1,-1.34894,-1.23591
12.11,-1.32208,-1.4286
12.12,-1.29508,-0.95683
12.13,-1.26796,-0.943541
12.14,-1.24071,-0.943541
12.15,-1.21333,-1.18939
12.16,-1.18583,-1.1761
12.17,-1.15822,-0.916962
12.18,-1.13049,-0.916962
12.19,-1.10264,-1.08308
12.2,-1.07469,-0.883739
12.21,-1.04663,-0.883739
12.22,-1.01846,-0.790714
12.23,-0.99019,-0.651176
12.24,-0.961822,-0.883739
12.25,-0.933358,-1.0565
12.26,-0.904801,-0.611308
12.27,-0.876153,-0.916962
12.28,-0.847418,-0.664465
12.29,-0.818597,-0.551506
12.3,-0.789695,-0.38539
12.31,-0.760714,-0.730912
12.32,-0.731657,-0.624598
12.33,-0.702527,-0.883739
12.34,-0.673327,-0.345522
12.35,-0.644059,-0.438547
12.36,-0.614727,-0.498349
12.37,-0.585333,-0.372101
12.38,-0.555881,-0.551506
12.39,-0.526373,-0.318943
12.4,-0.496813,-0.219274
12.41,-0.467202,-0.106314
12.42,-0.437546,-0.179406
12.43,-0.407845,-0.28572
12.44,-0.378104,-0.498349
12.45,-0.348324,-0.372101
12.46,-0.31851,-0.498349
12.47,-0.288665,-0.47177
12.48,-0.25879,0.0598019
12.49,-0.228889,0.126248
12.5,-0.198966,-0.0265786
12.51,-0.169022,0.0332233
12.52,-0.139062,-0
12.53,-0.109088,0.0465126
12.54,-0.0791027,-0
12.55,-0.0491096,-0
12.56,-0.0191117,0.019934
12.57,0.0108881,0.019934
12.58,0.0408869,0.019934
12.59,0.0708816,0.019934
12.6,0.100869,0.019934
12.61,0.130847,0.019934
12.62,0.160811,0.019934
12.63,0.190759,-0
12.64,0.220689,0.019934
12.65,0.250596,0.019934
12.66,0.280478,0.019934
12.67,0.310332,0.019934
12.68,0.340155,0.019934
12.69,0.369944,0.0332233
12.7,0.399696,0.0332233
12.71,0.429408,0.0332233
12.72,0.459077,0.0863805
12.73,0.488701,0.18605
12.74,0.518275,0.212629
12.75,0.547797,-0.0132893
12.76,0.577265,-0
12.77,0.606675,0.0332233
12.78,0.636025,0.019934
12.79,0.66531,-0
12.8,0.694529,0.0465126
12.81,0.723679,0.0730912
12.82,0.752757,0.18605
12.83,0.781759,0.338877
12.84,0.810683,0.445192
12.85,0.839526,0.418613
12.86,0.868285,0.684399
12.87,0.896957,0.784069
12.88,0.925539,0.57144
12.89,0.954029,0.757491
12.9,0.982423,0.784069
12.91,1.01072,0.877094
12.92,1.03891,0.697689
12.93,1.06701,0.644531
12.94,1.09499,0.877094
12.95,1.12287,0.77078
12.96,1.15063,1.07643
12.97,1.17828,0.737557
12.98,1.20581,0.936896
12.99,1.23322,1.01663
13,1.2605,0.77078
13.01,1.28766,1.14288
13.02,1.31469,1.14288
13.03,1.34159,1.15617
13.04,1.36836,0.863805
13.05,1.39499,0.823937
13.06,1.42148,1.25584
13.07,1.44782,1.3688
13.08,1.47402,1.33558
13.09,1.50008,0.976764
13.1,1.52598,0.990054
13.11,1.55174,1.08972
13.12,1.57733,1.15617
13.13,1.60277,1.56149
13.14,1.62805,1.309
13.15,1.65317,1.50834
13.16,1.67812,1.38209
13.17,1.7029,1.71432
13.18,1.72752,1.52163
13.19,1.75196,1.60136
13.2,1.77622,1.60136
13.21,1.80031,1.79406
13.22,1.82422,1.60136
13.23,1.84794,1.52163
13.24,1.87148,1.62794
13.25,1.89483,1.56149
13.26,1.918,1.3688
13.27,1.94097,1.46182
13.28,1.96375,1.68774
13.29,1.98633,1.81399
13.3,2.00871,1.62794
13.31,2.03089,1.53492
13.32,2.05287,1.82728
13.33,2.07464,1.75419
13.34,2.09621,1.82728
13.35,2.11756,1.71432
13.36,2.13871,1.9934
13.37,2.15964,1.90702
13.38,2.18035,1.52163
13.39,2.20085,1.90702
13.4,2.22113,2.00669
13.41,2.24118,1.67445
13.42,2.26101,1.96682
13.43,2.28062,1.96682
13.44,2.29999,1.90702
13.45,2.31914,2.23925
13.46,2.33805,1.81399
13.47,2.35673,2.19938
13.48,2.37518,2.1728
13.49,2.39339,1.9934
13.5,2.41135,1.85386
13.51,2.42908,2.41201
13.52,2.44656,2.08642
13.53,2.4638,2.13293
13.54,2.4808,2.05984
13.55,2.49754,2.23925
13.56,2.51404,1.92031
13.57,2.53028,2.46517
13.58,2.54627,2.50503
13.59,2.56201,2.19938
13.6,2.57749,2.33892
13.61,2.59271,2.00669
13.62,2.60767,2.35221
13.63,2.62237,2.4253
13.64,2.63681,2.07313
13.65,2.65099,2.45188
13.66,2.6649,2.57813
13.67,2.67854,2.39208
13.68,2.69192,2.13293
13.69,2.70503,2.43859
13.7,2.71786,2.1728
13.71,2.73043,2.29905
13.72,2.74272,2.37879
13.73,2.75474,2.43859
13.74,2.76648,2.05984
13.75,2.77795,2.25918
13.76,2.78914,2.61799
13.77,2.80004,2.69773
13.78,2.81067,2.29905
13.79,2.82102,2.19938
13.8,2.83109,2.33892
13.81,2.84087,2.50503
13.82,2.85037,2.49175
13.83,2.85958,2.45188
13.84,2.86851,2.19938
13.85,2.87715,2.64457
13.86,2.8855,2.51832
13.87,2.89357,2.64457
13.88,2.90134,2.65786
13.89,2.90883,2.50503
13.9,2.91602,2.47846
13.91,2.92293,2.6047
13.92,2.92954,2.63128
13.93,2.93585,2.3655
13.94,2.94188,2.49175
13.95,2.94761,2.57813
13.96,2.95304,2.69773
13.97,2.95818,2.61799
13.98,2.96302,2.65786
13.99,2.96757,2.32563
14,2.97182,2.77082
14.01,2.97578,2.4253
14.02,2.97943,2.57813
14.03,2.98279,2.5449
14.04,2.98585,2.56484
14.05,2.98861,2.5449
14.06,2.99107,2.65786
14.07,2.99324,2.61799
14.08,2.9951,2.61799
14.09,2.99666,2.67115
14.1,2.99793,2.69773
14.11,2.99889,2.65786
14.12,2.99956,2.71766
14.13,2.99992,2.69773
14.14,2.99999,2.41201
14.15,2.99975,2.57813
14.16,2.99922,2.53161
14.17,2.99838,2.49175
14.18,2.99725,2.45188
14.19,2.99581,3.07648
14.2,2.99408,2.92365
14.21,2.99205,2.82398
14.22,2.98971,2.81069
14.23,2.98708,2.87049
14.24,2.98415,2.49175
14.25,2.98092,2.53161
14.26,2.9774,2.41201
14.27,2.97357,2.35221
14.28,2.96945,2.33892
14.29,2.96503,2.81069
14.3,2.96032,2.69773
14.31,2.9553,2.74424
14.32,2.95,2.61799
14.33,2.9444,2.45188
14.34,2.9385,2.27247
14.35,2.93231,2.33892
14.36,2.92583,2.41201
14.37,2.91905,2.68444
14.38,2.91198,2.85056
14.39,2.90462,2.7974
14.4,2.89697,2.7974
14.41,2.88903,2.64457
14.42,2.88081,2.37879
14.43,2.87229,2.3655
14.44,2.86349,2.59142
14.45,2.8544,2.82398
14.46,2.84502,2.68444
14.47,2.83536,2.35221
14.48,2.82542,2.31234
14.49,2.81519,2.39208
14.5,2.80469,2.69773
14.51,2.7939,2.63128
14.52,2.78283,2.56484
14.53,2.77148,2.37879
14.54,2.75986,2.39208
14.55,2.74796,2.50503
14.56,2.73579,2.51832
14.57,2.72334,2.46517
14.58,2.71062,2.3655
14.59,2.69763,2.09971
14.6,2.68437,2.39208
14.61,2.67084,2.18609
14.62,2.65705,2.22596
14.63,2.64299,2.19938
14.64,2.62866,2.3655
14.65,2.61407,2.21267
14.66,2.59922,2.09971
14.67,2.58411,2.47846
14.68,2.56875,2.32563
14.69,2.55312,2.07313
14.7,2.53724,2.18609
14.71,2.52111,2.29905
14.72,2.50472,2.46517
14.73,2.48808,2.29905
14.74,2.4712,1.90702
14.75,2.45407,2.05984
14.76,2.43669,2.32563
14.77,2.41907,2.03326
14.78,2.4012,2.11964
14.79,2.3831,2.00669
14.8,2.36476,2.14622
14.81,2.34618,1.84057
14.82,2.32736,2.1728
14.83,2.30832,1.93359
14.84,2.28904,1.90702
14.85,2.26954,1.93359
14.86,2.2498,2.11964
14.87,2.22985,2.03326
14.88,2.20967,1.82728
14.89,2.18926,2.04655
14.9,2.16864,1.90702
14.91,2.14781,1.89373
14.92,2.12675,1.78077
14.93,2.10549,1.88044
14.94,2.08401,1.71432
14.95,2.06233,1.47511
14.96,2.04044,2.15951
14.97,2.01835,1.67445
14.98,1.99605,1.44853
14.99,1.97356,1.82728
15,1.95086,1.88044
